title,author,star5,star4,star3,star2,star1
Data Analysis Using R (Low Priced Edition): A Primer for Data Scientist,Dr Dhaval Maheta,55%,39%,6%,0%,0%
Guerrilla Data Analysis Using Microsoft Excel: Overcoming Crap Data and Excel Skirmishes,"Oz du Soleil,  and , Bill Jelen",87%,13%,0%,0%,0%
"Python for Data Analysis: Data Wrangling with Pandas, NumPy, and IPython",William McKinney,75%,16%,5%,2%,2%
Excel Data Analysis For Dummies (For Dummies (Computer/Tech)),Paul McFedries,52%,17%,10%,10%,10%
SQL for Data Analysis: Advanced Techniques for Transforming Data into Insights,Cathy Tanimura,75%,18%,2%,2%,2%
Qualitative Data Analysis: A Methods Sourcebook,"Matthew B. Miles, A. Michael Huberman, et al.",84%,9%,4%,2%,0%
Topological Data Analysis with Applications,"Gunnar Carlsson,  and , Mikael Vejdemo-Johansson",100%,0%,0%,0%,0%
"R in Action, Third Edition: Data analysis and graphics with R and Tidyverse",Robert I. Kabacoff,78%,11%,11%,0%,0%
SQL for Data Analytics: Perform efficient and fast data analysis with the power of SQL,Chad Knowles,91%,8%,1%,0%,0%
Python for Beginners: 2 Books in 1: The Perfect Beginner's Guide to Learning How to Program with Python with a Crash Course + Workbook,"Programming Languages Academy, Matthew Kinsey, et al.",63%,22%,7%,3%,4%
Getting Started with Natural Language Processing,Ekaterina Kochmar,48%,52%,0%,0%,0%
"SQL QuickStart Guide: The Simplified Beginner's Guide to Managing, Analyzing, and Manipulating Data With SQL",Walter Shields,72%,18%,7%,1%,2%
Python para Principiantes: 2 Libros en 1: Programación de Python para principiantes + Libro de trabajo de Python (Spanish Edition),Programming Languages Academy,73%,8%,10%,4%,4%
Quantum Machine Learning and Optimisation in Finance: On the Road to Quantum Advantage,"Antoine Jacquier, Oleksiy Kondratyev, et al.",90%,10%,0%,0%,0%
Python Tricks: A Buffet of Awesome Python Features,Dan Bader,76%,17%,5%,1%,1%
Think Bayes: Bayesian Statistics in Python (O'reilly),Allen B. Downey,76%,8%,10%,3%,3%
Python Data Science Handbook: Essential Tools for Working with Data,Jake VanderPlas,0%,0%,0%,0%,0%
Data Science for Supply Chain Forecasting,Nicolas Vandeput,73%,15%,10%,2%,0%
"Python Tools for Scientists: An Introduction to Using Anaconda, JupyterLab, and Python's Scientific Libraries",Lee Vaughan,0%,0%,0%,0%,0%
"Fluent Python: Clear, Concise, and Effective Programming",Luciano Ramalho,86%,7%,2%,3%,2%
Python Programming For Beginners: The Ultimate Crash Course to Learn Python Coding Quickly and Easily | Step-by-Step Guide With Hands-on Exercises & Beginners Projects,Leonard J. Ledger,94%,4%,1%,2%,0%
Practical Linear Algebra for Data Science: From Core Concepts to Applications Using Python,Mike Cohen,70%,30%,0%,0%,0%
Preparing For A Data Interview: Learn Enough Python For A Project Or An Interview,Jonelle Hoop,0%,0%,0%,0%,0%
Coding Games in Python (Computer Coding for Kids),DK,70%,17%,6%,4%,4%
Python for Everybody: Exploring Data in Python 3,"Charles R. Severance, Aimee Andrion, et al.",76%,16%,5%,2%,2%
Python Programming for Beginners: Python Programming Creak Course to Get Python Coding Well & Quick,Donald P. Wilson,97%,3%,0%,0%,0%
Python for Algorithmic Trading: From Idea to Cloud Deployment,Yves Hilpisch,67%,14%,9%,5%,5%
Python for Data Science: A Hands-On Introduction,Yuli Vasiliev,79%,10%,11%,0%,0%
Practical Deep Learning: A Python-Based Introduction,Ronald T. Kneusel,82%,14%,4%,0%,0%
Murach's Python for Data Analysis (Training & Reference),Scott Mccoy,68%,21%,5%,6%,0%
Robust Python: Write Clean and Maintainable Code,Patrick Viafore,73%,15%,6%,2%,4%
"EXCEL DATA ANALYSIS: THE ULTIMATE PRACTICAL GUIDE TO MASTERING DATA ANALYSIS USING EXCEL DATA & STATISTICAL TABLES, PIVOT TABLES, AND FINANCIAL ANALYSIS TOOLS",JOE WEBINAR,65%,35%,0%,0%,0%
Learning Spark: Lightning-Fast Data Analytics,"Jules Damji, Brooke Wenig, et al.",80%,16%,2%,2%,1%
Applied Text Analysis with Python: Enabling Language-Aware Data Products with Machine Learning,"Benjamin Bengfort, Rebecca Bilbro, et al.",63%,25%,4%,8%,0%
"Time Series Analysis with Python Cookbook: Practical recipes for exploratory data analysis, data preparation, forecasting, and model evaluation",Tarek A. Atwan,78%,22%,0%,0%,0%
"Practical SQL, 2nd Edition: A Beginner's Guide to Storytelling with Data",Anthony DeBarros,86%,8%,3%,3%,0%
Exploratory Data Analysis (Classic Version) (Pearson Modern Classic),John Tukey,94%,6%,0%,0%,0%
Kafka: The Definitive Guide: Real-Time Data and Stream Processing at Scale,"Gwen Shapira, Todd Palino, et al.",81%,16%,3%,0%,0%
An Introduction to Statistics and Data Analysis Using Stata: From Research Design to Final Report,"Lisa Daniels,  and , Nicholas W. Minot",69%,22%,9%,0%,0%
"Microsoft 365 Excel: The Only App That Matters: Calculations, Analytics, Modeling, Data Analysis and Dashboard Reporting for the New Era of Dynamic Data Driven Decision Making & Insight",Mike Girvin,100%,0%,0%,0%,0%
"Machine Learning: 4 Books in 1: The #1 Beginner's Guide to Master the Basics of Python Programming, Learn the Art of Data Science and Build Artificial Intelligence","Andrew Park,  and , Russell Newton",83%,10%,3%,1%,3%
Software Architecture: The Hard Parts: Modern Trade-Off Analyses for Distributed Architectures,"Neal Ford, Mark Richards, et al.",76%,14%,5%,2%,2%
Analyzing Social Networks Using R,"Stephen P. Borgatti, Martin G. Everett, et al.",100%,0%,0%,0%,0%
"SQL: 3 books 1 - The Ultimate Beginner, Intermediate & Expert Guides To Master SQL Programming Quickly with Practical Exercises",Mark Reed,77%,13%,5%,3%,2%
Excel Pivot Tables: Basic Beginners Guide to Learn Excel Pivot Tables for Data Analysis and Modeling,"MG Martin, Peter Prova, et al.",53%,23%,8%,16%,0%
"Data Analysis with Python: Introducing NumPy, Pandas, Matplotlib, and Essential Elements of Python Programming (English Edition)",Rituraj Dixit,50%,50%,0%,0%,0%
"Intro to Python for Computer Science and Data Science: Learning to Program with AI, Big Data and The Cloud","Paul Deitel,  and , Harvey Deitel",82%,10%,2%,3%,2%
"Hands-On Data Analysis with Pandas: Efficiently perform data collection, wrangling, analysis, and visualization using Python",Stefanie Molin,76%,11%,3%,3%,7%
Thematic Analysis: A Practical Guide,"Virginia Braun,  and , Victoria Clarke",90%,7%,2%,1%,0%
"Automate the Boring Stuff with Python, 2nd Edition: Practical Programming for Total Beginners",Al Sweigart,82%,12%,3%,1%,1%
Data Structures and Algorithm Analysis in Java: International Edition,Mark Allen Weiss,73%,12%,5%,5%,5%
Business Analysis For Dummies,"Kupe Kupersmith, Paul Mulvey, et al.",70%,14%,10%,3%,3%
"Machine Learning Explained The Simple Way: A Beginners Guide to Learning Python for Data Science, Machine Learning and Ace your Data Science Interview With little Coding Experience.",Santos Ozoemena,100%,0%,0%,0%,0%
CompTIA Data+ Study Guide: Exam DA0-001,"Mike Chapple,  and , Sharif Nijim",77%,12%,8%,3%,0%
RNA Sequencing: Principles and Data Analysis,Lara Ozkan,60%,27%,7%,6%,0%
Analysis of Panel Data (Econometric Society Monographs),Cheng Hsiao,0%,0%,0%,0%,0%
R For Dummies,"Andrie de Vries,  and , Joris Meys",66%,22%,8%,2%,3%
Excel Dashboards & Reports For Dummies (For Dummies (Computer/Tech)),Michael Alexander,86%,14%,0%,0%,0%
Decisions Over Decimals: Striking the Balance between Intuition and Information,"Paul F. Magnone, Christopher J. Frank, et al.",95%,5%,0%,0%,0%
Excel 2023: The Ultimate Guide For Beginners To Become An Excel Master To Organize And Boost Your Productivity| Learn in Less Than 10 Minutes per Day With Step-by-step Pictures Tutorials,Arthur Fletcher,76%,20%,1%,2%,1%
Multilevel and Longitudinal Modeling with IBM SPSS (Quantitative Methodology Series),"Ronald H. Heck, Scott L. Thomas, et al.",0%,0%,0%,0%,0%
Talent Intelligence: Use Business and People Data to Drive Organizational Performance,Toby Culshaw,100%,0%,0%,0%,0%
Fundamentals of Music Processing: Using Python and Jupyter Notebooks,Meinard Müller,100%,0%,0%,0%,0%
The Model Thinker: What You Need to Know to Make Data Work for You,"Scott E. Page, Jamie Renell, et al.",68%,20%,6%,3%,2%
An Introduction to Categorical Data Analysis,Alan Agresti,69%,13%,11%,3%,5%
Data-Driven Organization Design: Delivering Perpetual Performance Gains Through the Organizational System,Rupert Morrison,100%,0%,0%,0%,0%
"Python for Data Science: A Crash Course for Data Science and Analysis, Python Machine Learning and Big Data",Computer Science Academy,52%,21%,27%,0%,0%
Statistical Analysis with Excel For Dummies (For Dummies (Computer/Tech)),Joseph Schmuller,50%,21%,16%,12%,0%
Think Stats: Exploratory Data Analysis,Allen B. Downey,65%,15%,7%,6%,7%
Data for All,John K. Thompson,0%,0%,0%,0%,0%
An Introduction to R: Data Analysis and Visualization (Research Skills),Mark Gardener,0%,0%,0%,0%,0%
"Statistical Analysis of fMRI Data, second edition (The MIT Press)",F. Gregory Ashby,100%,0%,0%,0%,0%
Categorical Data Analysis (Wiley Series in Probability and Statistics),Alan Agresti,61%,24%,12%,3%,0%
"Microsoft Office 365 For Beginners: The 1# Crash Course From Beginners To Advanced. Easy Way to Master The Whole Suite in no Time | Excel, Word, PowerPoint, OneNote, OneDrive, Outlook, Teams & Access",Leonard J. Ledger,97%,3%,0%,0%,0%
Introduction to Machine Learning with R: Rigorous Mathematical Analysis,Scott V. Burger,59%,9%,19%,7%,7%
Statistical Analysis with R For Dummies (For Dummies (Computers)),Joseph Schmuller,70%,22%,5%,2%,1%
Hands-On Exploratory Data Analysis with R: Become an expert in exploratory data analysis using R packages,"Radhika Datar,  and , Harish Garg",22%,35%,21%,22%,0%
Qualitative and Mixed Methods Data Analysis Using Dedoose: A Practical Approach for Research Across the Social Sciences,"Michelle Suzanne Salmona, Eli Lieber, et al.",64%,16%,12%,7%,0%
Qualitative Data Analysis with NVivo,"Kristi Jackson,  and , Pat Bazeley",77%,14%,5%,1%,2%
"An Introduction to Categorical Data Analysis, 3rd Edition (Wiley Series in Probability and Statistics)",Agresti,64%,19%,12%,5%,0%
"Pharmacokinetic and Pharmacodynamic Data Analysis: Concepts and Applications, Second Edition","Johan Gabrielsson,  and , Daniel Weiner",80%,6%,6%,8%,0%
"SQL Practice Problems: 57 beginning, intermediate, and advanced challenges for you to solve using a “learn-by-doing” approach",Sylvia Moestl Vasilik,69%,17%,5%,3%,6%
Essential R For Data Analysis: Data manipulation and visualization using R for beginning and intermediate users,PBR Books,63%,37%,0%,0%,0%
R in Action: Data Analysis and Graphics with R,Dr. Rob Kabacoff,77%,13%,5%,2%,3%
Everyday Adventures with Unruly Data,Melanie Feinberg,0%,0%,0%,0%,0%
Machine Learning: A First Course for Engineers and Scientists,"Andreas Lindholm, Niklas Wahlström, et al.",100%,0%,0%,0%,0%
Python Data Analysis - Second Edition,Armando Fandango,44%,19%,20%,16%,0%
Malware Data Science: Attack Detection and Attribution,"Joshua Saxe,  and , Hillary Sanders",73%,17%,8%,1%,1%
"Econometric Analysis of Cross Section and Panel Data, second edition (The MIT Press)",Jeffrey M. Wooldridge,76%,13%,4%,3%,4%
Become a Python Data Analyst: Perform exploratory data analysis and gain insight into scientific computing using Python,Alvaro Fuentes,77%,23%,0%,0%,0%
Machine Learning Bookcamp: Build a portfolio of real-life projects,Alexey Grigorev,81%,10%,9%,0%,0%
SQL for Data Analytics: Perform fast and efficient data analysis with the power of SQL,"Upom Malik, Matt Goldwasser, et al.",69%,13%,11%,4%,3%
"Microsoft 365: 11 Books in 1: The Ultimate All-in-One Bible to Master Excel, Word, PowerPoint, Outlook, OneNote, OneDrive, Access, Publisher, SharePoint, Teams and Visio with Step-by-Step Tutorials",Benjamin Zeldovich,98%,1%,1%,0%,0%
Excel 2022: The most updated bible to master Microsoft Excel from scratch in less than 7 minutes a day | Discover all the features & formulas with step-by-step tutorials,Leonard J. Ledger,62%,17%,11%,4%,5%
Data Science from Scratch: First Principles with Python,Joel Grus,63%,17%,10%,7%,3%
Doing Data Science: Straight Talk from the Frontline,"""Cathy ONeil"",  and , Rachel Schutt",61%,24%,7%,5%,3%
"Excel Data Analysis: Your visual blueprint for analyzing data, charts, and PivotTables",Paul McFedries,50%,32%,3%,8%,8%
An R Companion to Political Analysis,"Philip H. Pollock,  and , Barry Clayton Edwards",0%,0%,0%,0%,0%
Data and Analytics for Instructional Designers,Megan Torrance,0%,0%,0%,0%,0%
The Workflow of Data Analysis Using Stata,J. Scott Long,74%,19%,3%,4%,0%
Big Data in Healthcare: Statistical Analysis of the Electronic Health Record (1),Farrokh Alemi,78%,22%,0%,0%,0%
Data Analysis for Database Design,David Howe,78%,22%,0%,0%,0%
Data Analysis for the Life Sciences with R,"Rafael A. Irizarry,  and , Michael I. Love",77%,11%,11%,0%,0%
Data Smart: Using Data Science to Transform Information into Insight,John W. Foreman,70%,16%,8%,4%,2%
Exploratory Data Analysis,John Tukey,72%,18%,7%,3%,0%
Data Cartels: The Companies That Control and Monopolize Our Information,Sarah Lamdan,0%,0%,0%,0%,0%
"Data Analytics: Introduction and Guide to Data Science, Analysis, Artificial Intelligence and Machine Learning","Markus Schellander, Chris Johnson, et al.",0%,0%,0%,0%,0%
Business Analytics: Data Analysis & Decision Making - Standalone book,"S. Christian Albright,  and , Wayne L. Winston",72%,14%,5%,3%,7%
Network Security Through Data Analysis: From Data to Action,Michael Collins,72%,14%,5%,9%,0%
Python for Data Analysis: Learn the Principles of Data Analysis and Raise Your Programming Iq. Improve Your Machine Learning Experience and Become a Skilled Programmer by Learning 10+ Coding Secrets,Robert Campbell,100%,0%,0%,0%,0%
"Data Analysis & Probability: A Quickstudy Laminated Reference Guide (Math Fundamentals, 4)","Peggy Warren, Susan Wright, et al.",100%,0%,0%,0%,0%
"Excel 2022: Learn From Scratch with the Most Update Guide on Microsoft Excel Plus Step by Step Tutorial, Features and Formulas. 7 Minutes Crash Course Included",Robert Johnson,93%,3%,1%,3%,0%
Learn Selenium: Build data-driven test frameworks for mobile and web applications with Selenium Web Driver 3,"Unmesh Gundecha,  and , Carl Cocchiaro",50%,39%,11%,0%,0%
Hands-On Graph Analytics with Neo4j: Perform graph processing and visualization techniques using connected data across your enterprise,Estelle Scifo,48%,28%,17%,7%,0%
Python for Beginners: The Biggest Python Programming Crash Course for Beginners | Learn Python Coding Like a PRO in 7 Days! + Hands-On Workbook,PROGRAMMING LANGUAGES ACADEMY,63%,22%,7%,3%,4%
Hands-On Data Analysis in R for Finance,Jean-Francois Collard,0%,0%,0%,0%,0%
"Python for ArcGIS Pro: Automate cartography and data analysis using ArcPy, ArcGIS API for Python, Notebooks, and pandas","Silas Toms, Bill Parker, et al.",83%,10%,4%,3%,0%
Field Guide to Optomechanical Design and Analysis (Spie Field Guides),"Burge, James H., et al.",60%,19%,21%,0%,0%
Practical Data Analysis Using Jupyter Notebook: Learn how to speak the language of data by extracting useful and actionable insights using Python,"Marc Wintjen,  and , Andrew Vlahutin",56%,16%,7%,10%,11%
Introduction to Statistics and Data Analysis,"Roxy Peck, Chris Olsen, et al.",69%,14%,12%,3%,1%
Regression Analysis with R: Design and develop statistical nodes to identify unique relationships within data at scale,Giuseppe Ciaburro,57%,30%,13%,0%,0%
Data and Analytics Strategy for Business: Unlock Data Assets and Increase Innovation with a Results-Driven Data Strategy,Simon Asplen-Taylor,62%,38%,0%,0%,0%
POWER BI FOR BEGINNERS 2022: A SIMPLE AND DIRECT GUIDE TO DATA ANALYSIS USING POWER BI,RICHARD STEVE,53%,30%,17%,0%,0%
"Accelerated Testing: Statistical Models, Test Plans, and Data Analysis (Wiley Series in Probability and Statistics)",Wayne B. Nelson,70%,21%,9%,0%,0%
"Memory Dump Analysis Anthology, Volume 3, Revised Edition (Memory Dump Analysis Anthology (Diagnomicon))","Dmitry Vostokov,  and , Software Diagnostics Institute",0%,0%,0%,0%,0%
Analysis of Economic Data,Gary Koop,66%,18%,16%,0%,0%
Spreadsheet Modeling and Decision Analysis: A Practical Introduction to Business Analytics (MindTap Course List),Cliff Ragsdale,38%,62%,0%,0%,0%
Probability and Computing: Randomization and Probabilistic Techniques in Algorithms and Data Analysis,"Michael Mitzenmacher,  and , Eli Upfal",70%,17%,4%,9%,0%
Guerrilla Data Analysis Using Microsoft Excel: 2nd Edition Covering Excel 2010/2013,"Oz du Soleil,  and , Bill Jelen",76%,7%,10%,7%,0%
Data Analysis with Open Source Tools: A Hands-On Guide for Programmers and Data Scientists,Philipp K. Janert,62%,20%,7%,7%,4%
The Art of Data Analysis: How to Answer Almost Any Question Using Basic Statistics,Kristin H. Jarman,77%,16%,7%,0%,0%
Putting FACES on the Data: What Great Leaders and Teachers Do!,"Lyn D. Sharratt,  and , Michael Fullan",0%,0%,0%,0%,0%
Malware Analysis and Detection Engineering: A Comprehensive Approach to Detect and Analyze Modern Malware,"Abhijit Mohanta,  and , Anoop Saldanha",82%,12%,4%,2%,0%
Spatial Analysis with R,Tonny J. Oyana,100%,0%,0%,0%,0%
R Graphics Cookbook: Practical Recipes for Visualizing Data,Winston Chang,74%,14%,4%,6%,2%
A History of Data Visualization and Graphic Communication,"Michael Friendly,  and , Howard Wainer",57%,43%,0%,0%,0%
Murach's R for Data Analysis,Scott Mccoy,0%,0%,0%,0%,0%
Adjustment Computations: Spatial Data Analysis,Charles D. Ghilani,69%,20%,8%,3%,0%
"Microsoft Office 365 for Beginners: 12 Books In 1. The Ultimate Guide to Master the Microsoft Suite the Quick & Easy Way | Including Excel, Word, PowerPoint, OneNote, OneDrive, Outlook, Teams and More",Jamie Keet,97%,3%,1%,0%,0%
Practical Finite Element Simulations with SOLIDWORKS 2022: An illustrated guide to performing static analysis with SOLIDWORKS Simulation,Khameel B. Mustapha,100%,0%,0%,0%,0%
Data Analysis in High Energy Physics: A Practical Guide to Statistical Methods,"Olaf Behnke, Kevin Kröninger, et al.",77%,23%,0%,0%,0%
Longitudinal Data Analysis,"Robert D. Gibbons,  and , Donald Hedeker",92%,8%,0%,0%,0%
"Designing Data-Intensive Applications: The Big Ideas Behind Reliable, Scalable, and Maintainable Systems",Martin Kleppmann,85%,9%,3%,1%,2%
Hands-on JavaScript for Python Developers: Leverage your Python knowledge to quickly learn JavaScript and advance your web development career,Sonyl Nagale,76%,15%,9%,0%,0%
Excel: Pivot Tables & Charts (Quick Study Computer),Inc. BarCharts,74%,15%,7%,2%,2%
Building Big Data Pipelines with Apache Beam: Use a single programming model for both batch and stream data processing,Jan Lukavsky,58%,18%,12%,12%,0%
Data Analysis For Business Decisions 2E: A Laboratory Manual,Andres Fortino PhD,0%,0%,0%,0%,0%
Risk Assessment and Decision Analysis with Bayesian Networks,"Norman Fenton,  and , Martin Neil",76%,13%,3%,4%,4%
Hands-On Data Science with R: Techniques to perform data manipulation and mining to build smart analytical models using R,"Vitor Bianchi Lanzetta, Nataraj Dasgupta, et al.",37%,40%,23%,0%,0%
Marketing Analytics: A Practical Guide to Improving Consumer Insights Using Data Techniques,Mike Grigsby,66%,13%,10%,8%,3%
"How Qualitative Data Analysis Happens: Moving Beyond ""Themes Emerged""","Áine Humble,  and , Elise Radina",71%,29%,0%,0%,0%
"Clinical Genomics, Second Edition: A Guide to Clinical Next Generation Sequencing","Shashikant Kulkarni,  and , Somak Roy",0%,0%,0%,0%,0%
Python Programming: 3 Books in 1: The Complete Beginner’s Guide to Learning the Most Popular Programming Language,Dylan Penny,79%,12%,2%,1%,6%
Categorical Data Analysis,Alan Agresti,85%,6%,6%,3%,0%
Data-Driven HR: How to Use Analytics and Metrics to Drive Performance,Bernard Marr,63%,20%,4%,8%,5%
The Pandas Workshop: A comprehensive guide to using Python for data analysis with real-world case studies,"Blaine Bateman, Saikat Basak, et al.",71%,19%,10%,0%,0%
"Statistical Methods for Categorical Data Analysis, 2nd Edition","Yu Xie,  and , Daniel Powers",84%,16%,0%,0%,0%
"Python Data Analysis: Perform data collection, data processing, wrangling, visualization, and model building using Python, 3rd Edition","Avinash Navlani, Armando Fandango, et al.",83%,8%,6%,3%,0%
"Learning Tableau 2022: Create effective data visualizations, build interactive visual analytics, and improve your data storytelling capabilities, 5th Edition","Joshua N. Milligan, Blair Hutchinson, et al.",94%,6%,0%,0%,0%
"Data Science in Context: Foundations, Challenges, Opportunities","Alfred Z. Spector, Peter Norvig, et al.",100%,0%,0%,0%,0%
The Statistical Sleuth: A Course in Methods of Data Analysis,"Fred Ramsey,  and , Daniel Schafer",58%,16%,7%,8%,10%
"Bayesian Data Analysis in Ecology Using Linear Models with R, BUGS, and Stan","Franzi Korner-Nievergelt, Tobias Roth, et al.",70%,30%,0%,0%,0%
"Numerical Methods Using Kotlin: For Data Science, Analysis, and Engineering",Haksun Li  PhD,0%,0%,0%,0%,0%
"Data Analyses: Detailed, Scientific, and Business-Oriented Data Reading Skills","Benjamin Farrar,  and , Ryan Simpson",0%,0%,0%,0%,0%
"Introduction to Algorithms, 3rd Edition (The MIT Press)","Thomas H. Cormen, Charles E. Leiserson, et al.",78%,10%,6%,2%,4%
Data Analysis with Microsoft Power BI,Brian Larson,47%,18%,11%,14%,10%
Escape from Model Land: How Mathematical Models Can Lead Us Astray and What We Can Do About It,Erica Thompson,100%,0%,0%,0%,0%
"Mastering pandas: A complete guide to pandas, from installation to advanced data analysis techniques, 2nd Edition",Ashish Kumar,51%,37%,13%,0%,0%
Excel Tips & Tricks (Quick Study Computer),Inc. BarCharts,72%,16%,8%,2%,3%
Data Engineering with Alteryx: Helping data engineers apply DataOps practices with Alteryx,Paul Houghton,73%,13%,14%,0%,0%
Expert Data Modeling with Power BI: Get the best out of Power BI by building optimized data models for reporting and business needs,"Soheil Bakhshi,  and , Christian Wade",80%,20%,0%,0%,0%
Data Visualization: A Practical Introduction,Kieran Healy,78%,12%,8%,1%,1%
Geographic Data Science with Python (Chapman & Hall/CRC Texts in Statistical Science),"Sergio Rey, Dani Arribas-Bel, et al.",0%,0%,0%,0%,0%
Bayesian Data Analysis for the Behavioral and Neural Sciences,Todd E. Hudson,34%,33%,33%,0%,0%
Root Cause Analysis,Matthew A. Barsalou,56%,15%,6%,12%,10%
"The Analysis of Biological Data, Second Edition","Michael C. Whitlock,  and , Dolph Schluter",74%,14%,8%,1%,4%
Multiple Imputation of Missing Data in Practice: Basic Theory and Analysis Strategies (Chapman & Hall/CRC Interdisciplinary Statistics),"Yulei He, Guangyu Zhang, et al.",0%,0%,0%,0%,0%
"Learning Geospatial Analysis with Python: Understand GIS fundamentals and perform remote sensing data analysis using Python 3.7, 3rd Edition",Joel Lawhead,61%,18%,11%,5%,5%
The Ultimate Guide To Understanding NFTs,Steve Nico Williams,0%,0%,0%,0%,0%
Python Programming for Beginners: The #1 Python Programming Crash Course to Learn Python Coding Well and Fast (with Hands-On Exercises),Codeone Publishing,87%,7%,1%,2%,3%
Qualitative Data Analysis: An Introduction,Carol Grbich,72%,15%,7%,7%,0%
Microsoft Excel Data Analysis and Business Modeling (Business Skills),Wayne Winston,75%,12%,9%,2%,2%
Applied Categorical and Count Data Analysis (Chapman & Hall/CRC Texts in Statistical Science),"Wan Tang, Hua He, et al.",0%,0%,0%,0%,0%
"The Data Revolution: A Critical Analysis of Big Data, Open Data and Data Infrastructures",Rob Kitchin,100%,0%,0%,0%,0%
Bioinformatics Data Skills: Reproducible and Robust Research with Open Source Tools,Vince Buffalo,74%,17%,5%,3%,1%
Big Data Analysis with Python: Combine Spark and Python to unlock the powers of parallel computing and machine learning,"Ivan Marin, Ankit Shukla, et al.",68%,32%,0%,0%,0%
Be Data Literate: The Data Literacy Skills Everyone Needs To Succeed,Jordan Morrow,63%,19%,4%,10%,4%
Microsoft Office 365 for Beginners 2023: [10 in 1] The All-in-One Guide to Mastering the Whole Suite from Excel to Access | Take Full Advantage of Their Potential Even as a Non-Tech-Savvy,Jeff Owen,90%,9%,1%,1%,0%
Cloud Scale Analytics with Azure Data Services: Build modern data warehouses on Microsoft Azure,Patrik Borosch,78%,22%,0%,0%,0%
"Excel 2023: The Most Updated Bible to Master Microsoft Excel from Zero To Pro in Less than 5 Minutes A Day. Discover All the Formulas, Functions & Charts with Step-by-Step Tutorials, Tips & Tricks",Andrew J. Nash,94%,4%,1%,1%,0%
"PYTHON: Learn Coding Programs with Python Programming and Master Data Analysis & Analytics, Data Science and Machine Learning with the Complete Crash Course for Beginners - 5 Manuscripts in 1 Book",TechExp Academy,60%,15%,12%,5%,8%
Data Structures & Algorithm Analysis in C++,Mark Weiss,63%,15%,11%,3%,8%
"A Common-Sense Guide to Data Structures and Algorithms, Second Edition: Level Up Your Core Programming Skills",Jay Wengrow,81%,14%,3%,1%,1%
"The Dropout Multi-Millionaire: 37 Business Lessons on How to Succeed in Business With No Money, No Education and No Clue",Brian  WIll,75%,16%,6%,1%,1%
System Design Interview: The Ultimate Guide to Master All the Fundamentals of System Design & to Get Ready for the Interview | Including More Than 30 Questions & Case Studies to Practice,Liam DeSantis,93%,7%,0%,0%,0%
Designing Cloud Data Platforms,"Danil Zburivsky,  and , Lynda Partner",69%,26%,5%,0%,0%
"Statistics, Data Analysis, and Decision Modeling",James Evans,66%,7%,11%,6%,10%
Learn Microsoft PowerApps: Build customized business applications without writing any code,Matthew Weston,54%,24%,10%,4%,8%
Excel 2022: The Ultimate all-in-one crash course for beginners to master Everything of Excel 2022. The Step-by-Step Advanced skills workbook on how to create & manipulate Power Excel Formulas & Grids,ROBERT  J GREEN,69%,11%,11%,3%,6%
Humanities Data Analysis: Case Studies with Python,"Folgert Karsdorp, Mike Kestemont, et al.",100%,0%,0%,0%,0%
"Excel 2023: The Easiest Way to Master Microsoft Excel in 7 Days. 200 Clear Illustrations and 100+ Exercises in This Step-by-Step Guide Designed for Absolute Newbie. Discover Formula, Charts and More",Leonard Webb,99%,1%,0%,0%,0%
Crime Analysis with Crime Mapping,Rachel Boba Santos,62%,38%,0%,0%,0%
Applied Longitudinal Data Analysis: Modeling Change and Event Occurrence,"Judith D. Singer,  and , John B. Willett",79%,7%,4%,6%,4%
Python for Data Analysis: From the Beginner to Expert Crash Course 3.0 that will Change your Life as a Digital Programmer Thanks to the Minimalism of this Manual. Deep Machine Learning and Big Data,Mik Arduino,100%,0%,0%,0%,0%
Python and R for the Modern Data Scientist: The Best of Both Worlds,"Rick J. Scavetta,  and , Boyan Angelov",55%,13%,16%,8%,8%
The Data Lakehouse Architecture,"Bill Inmon,  and , Ranjeet Srivastava",100%,0%,0%,0%,0%
Artificial Intelligence in Finance: A Python-Based Guide,Yves Hilpisch,70%,15%,3%,6%,6%
Graph Data Processing with Cypher: A practical guide to building graph traversal queries using the Cypher syntax on Neo4j,Ravindranatha Anthapu,0%,0%,0%,0%,0%
"Excel: The Complete Illustrative Guide for Beginners to Learning any Fundamental, Formula, Function and Chart in Less than 5 Minutes with Simple and Real-Life Examples",Nigel Tillery,66%,20%,10%,3%,2%
Topological Data Analysis for Genomics and Evolution: Topology in Biology,"Raul Rabadan,  and , Andrew J. Blumberg",76%,14%,5%,5%,0%
"Mathletics: How Gamblers, Managers, and Fans Use Mathematics in Sports, Second Edition","Wayne L. Winston, Scott Nestler, et al.",80%,11%,4%,4%,0%
Data Analysis for Continuous School Improvement: For Continuous School Improvement,Victoria L. Bernhardt,74%,14%,9%,2%,2%
An Introduction to Statistical Methods and Data Analysis,"R. Lyman Ott,  and , Micheal T. Longnecker",62%,17%,6%,7%,8%
"Python for Finance Cookbook: Over 80 powerful recipes for effective financial data analysis, 2nd Edition",Eryk Lewinson,0%,0%,0%,0%,0%
Excel Formulas (Quick Study Computer),Inc. BarCharts,73%,15%,8%,2%,2%
Hands-On Healthcare Data: Taming the Complexity of Real-World Data,Andrew Nguyen,100%,0%,0%,0%,0%
Qualitative Data Analysis with ATLAS.ti,Susanne Friese,83%,8%,5%,4%,0%
Excel 2023: How to Become a Master of Microsoft Excel in Less Than 7 Minutes a Day with the Most Updated Guide (Step-By-Step Tutorial) + Bonus: The 10 Most Essential Formulas Requested by any Company,Ken Shepard,92%,6%,2%,0%,0%
Excel 2022: The Ultimate Guide for Beginners to Master Excel Functions and Formulas in Less than 5 Minutes with the Latest Step-by-Step Tutorials and Practical Examples. Includes Tips and Tricks,Barry Adams,60%,20%,14%,2%,3%
"Excel: The Most Comprehensive Guide to Learn All Formulas and Functions in Just 1 WEEK with Step-by-Step Explanations, Practical Examples, & Picture Demonstrations.",Kevin Cooper,97%,3%,0%,0%,0%
"The Decision Maker's Handbook to Data Science: A Guide for Non-Technical Executives, Managers, and Founders",Stylianos Kampakis,79%,21%,0%,0%,0%
The Analysis of Biological Data,"Michael C. Whitlock,  and , Dolph Schluter",76%,6%,3%,4%,11%
Python for Data Science For Dummies,"John Paul Mueller,  and , Luca Massaron",62%,22%,9%,3%,3%
Blueprints for Text Analytics Using Python: Machine Learning-Based Solutions for Common Real World (NLP) Applications,"Jens Albrecht, Sidharth Ramachandran, et al.",82%,18%,0%,0%,0%
Data Analysis in Qualitative Research: Theorizing with Abductive Analysis,"Stefan Timmermans,  and , Iddo Tavory",36%,64%,0%,0%,0%
"The Economics of Data, Analytics, and Digital Transformation: The theorems, laws, and empowerments to guide your organization’s digital transformation","Bill Schmarzo,  and , Dr. Kirk Borne",59%,20%,11%,5%,6%
Statistics and Data Analysis Literacy for Nurses,"James B. Schreiber PhD,  and , Melanie Turk PhD  MSN  RN",0%,0%,0%,0%,0%
The Data Governance Guidebook and Playbook: By a Practitioner for Practitioners,Kimberly Wienzierl,57%,23%,12%,7%,0%
Qualitative Data Analysis: Practical Strategies,Pat Bazeley,61%,24%,15%,0%,0%
Big Data in Practice: How 45 Successful Companies Used Big Data Analytics to Deliver Extraordinary Results,Bernard Marr,56%,13%,13%,10%,8%
"Learning SQL: The Complete and Comprehensive Introduction to Creating, Managing and Analyzing Databases and Manipulating The Data Using SQL for Beginners",Chad Knowles,93%,6%,1%,0%,0%
Learning R: A Step-by-Step Function Guide to Data Analysis,Richard Cotton,65%,23%,6%,2%,4%
"An Introduction to Data Analysis: Quantitative, Qualitative and Mixed Methods",Tiffany Bergin,70%,22%,8%,0%,0%
Data Mesh: Delivering Data-Driven Value at Scale,Zhamak Dehghani,72%,14%,8%,6%,0%
Quantitative Portfolio Management: The Art and Science of Statistical Arbitrage,Michael Isichenko,63%,10%,12%,6%,9%
Data Governance For Dummies (For Dummies (Computer/tech)),Jonathan Reichental,0%,0%,0%,0%,0%
Regression Analysis: An Intuitive Guide for Using and Interpreting Linear Models,Jim Frost,75%,13%,6%,4%,2%
Business Analytics: Data Analysis & Decision Making (MindTap Course List),"S. Christian Albright,  and , Wayne L. Winston",75%,12%,7%,4%,3%
"Data Analysis with IBM SPSS Statistics: Implementing Data Modeling, Descriptive Statistics and ANOVA","Kenneth Stehlik-Barry,  and , Anthony J. Babinec",53%,23%,24%,0%,0%
The Kaggle Book: Data analysis and machine learning for competitive data science,"Konrad Banachewicz, Luca Massaron, et al.",75%,9%,6%,6%,4%
"Bayesian Statistics the Fun Way: Understanding Statistics and Probability with Star Wars, LEGO, and Rubber Ducks",Will Kurt,75%,17%,4%,2%,1%
Statistics and Data Analysis for Nursing Research,Denise Polit,67%,13%,9%,5%,6%
Behavioral Data Analysis with R and Python: Customer-Driven Data for Real Business Results,Florent Buisson,60%,22%,9%,9%,0%
"Hands-On Data Analysis with Pandas: A Python data science handbook for data collection, wrangling, analysis, and visualization, 2nd Edition","Stefanie Molin,  and , Ken Jee",66%,19%,5%,3%,7%
Data Visualization with Excel Dashboards and Reports,Dick Kusleika,61%,27%,4%,4%,4%
Practical Statistics for Data Scientists: 50+ Essential Concepts Using R and Python,"Peter Bruce, Andrew Bruce, et al.",77%,13%,6%,2%,2%
"Data Analysis: A Model Comparison Approach To Regression, ANOVA, and Beyond, Third Edition","Charles M. Judd, Gary H. McClelland, et al.",74%,5%,11%,5%,5%
Applied Survival Analysis: Regression Modeling of Time-to-Event Data,"Stanley Lemeshow, Susanne May, et al.",67%,18%,3%,6%,7%
Microsoft Excel: Advanced Microsoft Excel Data Analysis for Business,"John Slavio, Dave Wright, et al.",24%,10%,18%,18%,29%
Computational Topology for Data Analysis,"Tamal Krishna Dey,  and , Yusu Wang",0%,0%,0%,0%,0%
Equity Valuation and Analysis: 5th Edition,"Russell Lundholm,  and , Richard Sloan",65%,19%,5%,11%,0%
Julia for Data Analysis,Bogumil Kaminski,0%,0%,0%,0%,0%
Python for Excel: A Modern Environment for Automation and Data Analysis,Felix Zumstein,73%,17%,4%,3%,2%
Microsoft® Excel Data Analysis and Business Modeling,Wayne L. Winston,42%,24%,20%,5%,8%
"High-Dimensional Data Analysis with Low-Dimensional Models: Principles, Computation, and Applications","John Wright,  and , Yi Ma",84%,16%,0%,0%,0%
From Social Science to Data Science: Key Data Collection and Analysis Skills in Python,Bernie Hogan,0%,0%,0%,0%,0%
Data Structures & Algorithms in Python (Developer's Library),"John Canning, Alan Broder, et al.",100%,0%,0%,0%,0%
Mathematical Statistics and Data Analysis,Rice,62%,13%,13%,4%,9%
Hypothesis Testing: An Intuitive Guide for Making Data Driven Decisions,Jim Frost,77%,13%,3%,2%,5%
"R for Data Science: Import, Tidy, Transform, Visualize, and Model Data","Garrett Grolemund,  and , Hadley Wickham",81%,12%,4%,1%,2%
Practical Time Series Analysis: Prediction with Statistics and Machine Learning,Aileen Nielsen,57%,18%,10%,8%,8%
Time Series Forecasting in Python,Marco Peixeiro,51%,49%,0%,0%,0%
"Ace the Data Science Interview: 201 Real Interview Questions Asked By FAANG, Tech Startups, & Wall Street","Nick Singh,  and , Kevin Huo",76%,12%,5%,3%,4%
Storytelling with Data: Let's Practice!,Cole Nussbaumer Knaflic,79%,13%,5%,1%,1%
Thinking Clearly with Data: A Guide to Quantitative Reasoning and Analysis,"Ethan Bueno de Mesquita,  and , Anthony Fowler",74%,6%,7%,5%,8%
The Data Detective: Ten Easy Rules to Make Sense of Statistics,"Tim Harford,  and , Penguin Audio",62%,26%,9%,2%,1%
Storytelling with Data: A Data Visualization Guide for Business Professionals,Cole Nussbaumer Knaflic,76%,15%,6%,1%,2%
"Essential Math for Data Science: Take Control of Your Data with Fundamental Linear Algebra, Probability, and Statistics",Thomas Nield,76%,9%,10%,2%,3%
Introduction to Statistics: An Intuitive Guide for Analyzing Data and Unlocking Discoveries,Jim Frost,72%,15%,6%,2%,5%
Data Analysis with Python and PySpark,Jonathan Rioux,82%,18%,0%,0%,0%
SQL for Data Scientists: A Beginner's Guide for Building Datasets for Analysis,Renee M. P. Teate,72%,22%,4%,2%,0%
Statistics and Data Analysis: From Elementary to Intermediate,"Ajit Tamhane,  and , Dorothy Dunlop",69%,13%,7%,4%,6%
The Art of Data Analysis: Non-Technical Skills for Data Analysts,Alberto Scappini,55%,17%,13%,9%,6%
"Introduction to Error Analysis: The Science of Measurements, Uncertainties, and Data Analysis",Jack Merrin,79%,16%,6%,0%,0%
"R Cookbook: Proven Recipes for Data Analysis, Statistics, and Graphics","JD Long,  and , Paul Teetor",72%,16%,8%,4%,0%
"Python for Geospatial Data Analysis: Theory, Tools, and Practice for Location Intelligence",Bonny McClain,100%,0%,0%,0%,0%
Data Analysis Using SQL and Excel,Gordon S. Linoff,63%,24%,11%,3%,0%
Optimization for Data Analysis,"Stephen J. Wright,  and , Benjamin Recht",100%,0%,0%,0%,0%
"Microsoft Power BI Quick Start Guide: Bring your data to life through data modeling, visualization, digital storytelling, and more, 2nd Edition","Devin Knight, Mitchell Pearson, et al.",59%,23%,13%,4%,2%
Mastering PyTorch: Build powerful neural network architectures using advanced PyTorch 1.x features,"Ashish Ranjan Jha,  and , Dr. Gopinath Pillai",61%,24%,7%,8%,0%
Using Data to Focus Instructional Improvement,"Cheryl James-Ward, Douglas Fisher, et al.",77%,15%,5%,2%,2%
"Azure Data Engineering Cookbook: Get well versed in various data engineering techniques in Azure using this recipe-based guide, 2nd Edition","Nagaraj Venkatesan,  and , Ahmad Osama",100%,0%,0%,0%,0%
Communicating with Data Visualisation: A Practical Guide,"Adam Frost, Tobias Sturt, et al.",38%,62%,0%,0%,0%
"Pandas 1.x Cookbook: Practical recipes for scientific computing, time series analysis, and exploratory data analysis using Python, 2nd Edition","Matt Harrison,  and , Theodore Petrou",63%,16%,16%,6%,0%
The Data Vault Guru: a pragmatic guide on building a data vault,Mr Patrick Cuba,57%,23%,10%,10%,0%
Hands-On Network Forensics: Investigate network attacks and find evidence using common network forensic tools,Nipun Jaswal,62%,26%,8%,3%,0%
Azure Synapse Analytics Cookbook: Implement a limitless analytical platform using effective recipes for Azure Synapse,"Gaurav Agarwal, Meenakshi Muralidharan, et al.",85%,15%,0%,0%,0%
Learn Power BI: A beginner's guide to developing interactive business intelligence solutions using Microsoft Power BI,Greg Deckler,51%,23%,9%,9%,8%
Interactive Dashboards and Data Apps with Plotly and Dash: Harness the power of a fully fledged frontend web framework in Python – no JavaScript required,Elias Dabbas,60%,26%,7%,4%,4%
Advanced Algorithms and Data Structures,Marcello La Rocca,63%,22%,8%,8%,0%
Python for Data Analysts and Scientists: Jump start your career in Data Analysis and Data Science Field,Kousik Roy,0%,0%,0%,0%,0%
Python and Algorithmic Thinking for the Complete Beginner (2nd Edition): Learn to Think Like a Programmer,Aristides S Bouras,72%,16%,6%,2%,5%
Extreme DAX: Take your Power BI and Microsoft data analytics skills to the next level,"Michiel Rozema,  and , Henk Vlootman",83%,12%,4%,0%,0%
"Investing for Young Adults: How to Earn, Save, Invest, Grow Your Money and Retire Early!",Kris Pearson,100%,0%,0%,0%,0%
Microsoft Excel Data Analysis and Business Modeling (Office 2021 and Microsoft 365) (Business Skills),Wayne Winston,77%,16%,3%,4%,0%
"Python for Data Analysis: Data Wrangling with pandas, NumPy, and Jupyter",Wes McKinney,73%,10%,7%,7%,4%
Data Analysis for Social Science: A Friendly and Practical Introduction,"Elena Llaudet,  and , Kosuke Imai",100%,0%,0%,0%,0%
Scalable Data Architecture with Java: Build efficient enterprise-grade data architecting solutions using Java,Sinchan Banerjee,100%,0%,0%,0%,0%
Data Mining: Concepts and Techniques (The Morgan Kaufmann Series in Data Management Systems),"Jiawei Han, Jian Pei, et al.",57%,23%,8%,11%,0%
Data Literacy in Practice: A complete guide to data literacy and making smarter decisions with data through intelligent actions,"Angelika Klidas,  and , Kevin Hanegan",100%,0%,0%,0%,0%
Python All-in-One For Dummies (For Dummies (Computer/Tech)),"John C. Shovic,  and , Alan Simpson",73%,16%,7%,1%,3%
Beyond the Basic Stuff with Python: Best Practices for Writing Clean Code,Al Sweigart,79%,16%,3%,2%,0%
Python Basics: A Practical Introduction to Python 3,"David Amos, Dan Bader, et al.",77%,16%,4%,2%,1%
Python Programming for Beginners: The Most Comprehensive Programming Guide to Become a Python Expert from Scratch in No Time. Includes Hands-On Exercises,Cory Reed,89%,2%,1%,1%,6%
Introducing Python: Modern Computing in Simple Packages,Bill Lubanovic,81%,12%,4%,1%,2%
"Black Hat Python, 2nd Edition: Python Programming for Hackers and Pentesters","Justin Seitz,  and , Tim Arnold",81%,12%,5%,1%,2%
"Python for Kids, 2nd Edition: A Playful Introduction to Programming",Jason R. Briggs,100%,0%,0%,0%,0%
Python for Tweens and Teens - 2nd Edition (Full Color Version): Learn Computational and Algorithmic Thinking,Aristides Bouras,70%,19%,6%,3%,3%
Python 3: The Comprehensive Guide to Hands-On Python Programming,"Johannes Ernesti,  and , Peter Kaiser",71%,14%,14%,0%,0%
The Book of Dash: Build Dashboards with Python and Plotly,"Adam Schroeder, Christian Mayer, et al.",100%,0%,0%,0%,0%
"Invent Your Own Computer Games with Python, 4th Edition",Al Sweigart,80%,13%,6%,1%,1%
"Python Crash Course, 3rd Edition",Eric Matthes,0%,0%,0%,0%,0%
"Python Architecture Patterns: Master API design, event-driven structures, and package management in Python",Jaime Buelta,72%,6%,7%,7%,7%
Introduction to Synthetic Aperture Radar Using Python and MATLAB®,Lee Andrew (Andy) Harrison,100%,0%,0%,0%,0%
"Testing Python: Applying Unit Testing, TDD, BDD and Acceptance Testing",David Sale,53%,19%,13%,9%,5%
An Introduction to Python Programming for Scientists and Engineers,"Johnny Wei-Bing Lin, Hannah Aizenman, et al.",100%,0%,0%,0%,0%
Impractical Python Projects: Playful Programming Activities to Make You Smarter,Lee Vaughan,80%,13%,6%,1%,0%
Essentials of Compilation: An Incremental Approach in Python,Jeremy G. Siek,0%,0%,0%,0%,0%
"Python Programming Exercises, Gently Explained",Al Sweigart,100%,0%,0%,0%,0%
Teach Yourself VISUALLY Python (Teach Yourself VISUALLY (Tech)),"Ted Hart-Davis,  and , Guy Hart-Davis",100%,0%,0%,0%,0%
"The Python Workshop: Write Python code to solve challenging real-world problems, 2nd Edition","Corey Wade, Mario Corchero Jimenez, et al.",0%,0%,0%,0%,0%
"Python One-Liners: Write Concise, Eloquent Python Like a Professional",Christian Mayer,82%,14%,2%,2%,0%
Python for Cybersecurity: Using Python for Cyber Offense and Defense,Howard E. Poston III,89%,11%,0%,0%,0%
Head First Python: A Brain-Friendly Guide,Paul Barry,0%,0%,0%,0%,0%
Data Visualization in Python,Daniel Nelson,55%,11%,34%,0%,0%
Python for DevOps: Learn Ruthlessly Effective Automation,"Noah Gift, Kennedy Behrman, et al.",74%,13%,8%,3%,2%
Learn Coding Basics in Hours with Python,"The Tech Academy, Jack C. Stanley, et al.",70%,18%,7%,4%,1%
Metaprogramming with Python: A programmer's guide to writing reusable code to build smarter applications,Sulekha AloorRavi,0%,0%,0%,0%,0%
Deep Learning with Python,"Francois Chollet, Mark Thomas, et al.",76%,13%,4%,2%,5%
"Django 4 By Example: Build powerful and reliable Python web applications from scratch, 4th Edition","Antonio Mele,  and , Bob Belderbos",80%,12%,9%,0%,0%
Artificial Intelligence Programming with Python: From Zero to Hero,Perry Xiao,100%,0%,0%,0%,0%
High Performance Python: Practical Performant Programming for Humans,"Micha Gorelick,  and , Ian Ozsvald",81%,11%,7%,1%,0%
Murach's Python Programming (2nd Edition),"Joel Murach,  and , Michael Urban",81%,7%,6%,2%,4%
"Advanced Data Analytics Using Python: With Architectural Patterns, Text and Image Classification, and Optimization Techniques","Sayan Mukhopadhyay,  and , Pratip Samanta",0%,0%,0%,0%,0%
Practical Ethical Hacking with Python: Develop your own ethical hacking tools using Python,Tony Snake,0%,0%,0%,0%,0%
Python Crash Course,Chibudom Obasi,0%,0%,0%,0%,0%
Python for Engineers and Scientists: Concepts and Applications,"Rakesh Nayak,  and , Nishu Gupta",0%,0%,0%,0%,0%
Hands-On Financial Trading with Python: A practical guide to using Zipline and other Python libraries for backtesting trading strategies,"Jiri Pik,  and , Sourav Ghosh",67%,12%,13%,7%,0%
"Serious Python: Black-Belt Advice on Deployment, Scalability, Testing, and More",Julien Danjou,79%,13%,5%,1%,1%
"Ball Pythons as Pets - Your Complete Owners Guide: Ball Python Breeding, Caring, Where To Buy, Types, Temperament, Cost, Health, Handling, Husbandry, Diet, And Much More!",Jacqueline Silverdale,69%,11%,10%,4%,6%
Machine Learning for Financial Risk Management with Python: Algorithms for Modeling Risk,Abdullah Karasan,58%,26%,16%,0%,0%
Begin to Code with Python,Rob Miles,64%,22%,8%,2%,4%
Python Programming in Context,"Bradley N. Miller, David L. Ranum, et al.",70%,14%,9%,7%,0%
Python Scripting for ArcGIS Pro,Paul A. Zandbergen,71%,17%,8%,3%,1%
The Ultimate Python Beginner's Workbook: A Simple Guide To Learn Python Coding Quickly | Become a Better Python Programmer with Practical Exercises and Hands-on Project,Ashraf Marks,0%,0%,0%,0%,0%
The Spirit of Python: Exposing Satan’s Plan to Squeeze the Life Out of You,Jentezen Franklin,88%,8%,3%,1%,1%
Mission Python: Code a Space Adventure Game!,Sean McManus,70%,19%,6%,3%,3%
"Python Scripting for ArcGIS (Python Scripting, 1)",Paul A. Zandbergen,70%,16%,9%,2%,4%
"Advanced Python Programming: Accelerate your Python programs using proven techniques and design patterns, 2nd Edition",Quan Nguyen,67%,10%,11%,11%,0%
100 Days of Code Learning Journal: Notebook for Python programming beginners/learners. Gift for programmer. Progress tracker. Game /Coding Projects.,Corinth Ruiz,100%,0%,0%,0%,0%
"Learn Python Programming: An in-depth introduction to the fundamentals of Python, 3rd Edition","Fabrizio Romano,  and , Heinrich Kruger",55%,29%,9%,4%,4%
Beginner's Guide to Streamlit with Python: Build Web-Based Data and Machine Learning Applications,Sujay Raghavendra,0%,0%,0%,0%,0%
Python for Finance: Mastering Data-Driven Finance,Yves Hilpisch,77%,14%,5%,2%,2%
Speed Up Your Python with Rust: Optimize Python performance by creating Python pip modules in Rust with PyO3,Maxwell Flitton,78%,22%,0%,0%,0%
"Python Flash Cards: Syntax, Concepts, and Examples",Eric Matthes,78%,14%,5%,1%,1%
Reticulated Pythons: A complete guide to care and husbandry,"Sid James, Ben Way, et al.",81%,16%,4%,0%,0%
"Python for RTL Verification: A complete course in Python, cocotb, and pyuvm",Ray Salemi,77%,11%,12%,0%,0%
Learn to Program with Minecraft: Transform Your World with the Power of Python,Craig Richardson,68%,15%,8%,4%,4%
A Student's Guide to Python for Physical Modeling: Updated Edition,"Jesse M. Kinder,  and , Philip Nelson",72%,16%,6%,3%,2%
"Functional Python Programming: Use a functional approach to write succinct, expressive, and efficient Python code, 3rd Edition",Steven F. Lott,100%,0%,0%,0%,0%
Mathematical Logic through Python,Gonczarowski Yannai A.,100%,0%,0%,0%,0%
"Colt's Python, King of the Seven Serpents",Gurney Brown,85%,7%,5%,2%,0%
"Python Programming for Beginners: An Introduction to the Python Computer Language and Computer Programming (Python, Python 3, Python Tutorial)",Jason Cannon,72%,15%,8%,3%,2%
Deep Learning from Scratch: Building with Python from First Principles,Seth Weidman,63%,20%,8%,4%,5%
"Practical Python Programming for IoT: Build advanced IoT projects using a Raspberry Pi 4, MQTT, RESTful APIs, WebSockets, and Python 3",Gary Smart,65%,26%,4%,3%,3%
Modern Computer Vision with PyTorch: Explore deep learning concepts and implement over 50 real-world image applications,"V Kishore Ayyadevara,  and , Yeshwanth Reddy",81%,11%,3%,6%,0%
"Python Feature Engineering Cookbook: Over 70 recipes for creating, engineering, and transforming features to build machine learning models, 2nd Edition",Soledad Galli,100%,0%,0%,0%,0%
Data Visualization with Python and JavaScript,Kyran Dale,0%,0%,0%,0%,0%
Modern Time Series Forecasting with Python: Explore industry-ready time series forecasting using modern machine learning and deep learning,Manu Joseph,100%,0%,0%,0%,0%
The Hitchhiker's Guide to Python: Best Practices for Development,"Kenneth Reitz,  and , Tanya Schlusser",66%,16%,13%,3%,3%
A Smarter Way to Learn Python: Learn it faster. Remember it longer.,Mark Myers,76%,14%,7%,2%,2%
"Math for Programmers: 3D graphics, machine learning, and simulations with Python",Paul Orland,72%,13%,8%,3%,5%
Beginning Programming with Python For Dummies,John Paul Mueller,65%,19%,7%,4%,5%
The Pythons' Autobiography By The Pythons,"Bob McCabe, Eric Idle, et al.",76%,15%,7%,1%,1%
Algorithms to Live By: The Computer Science of Human Decisions,"Brian Christian, Tom Griffiths, et al.",70%,17%,8%,2%,2%
"Microsoft Python Certification Exam 98-281 & PCEP – Preparation Guide: Introduction To Programming Using Python, PCEP – Certified Entry Level Python Programmer","Raman Publications, R Raman, et al.",59%,13%,15%,13%,0%
"Creative Coding in Python: 30+ Programming Projects in Art, Games, and More",Sheena Vaidyanathan,78%,12%,8%,3%,0%
Python Aplicado (Spanish Edition),Eugenia Bahit,100%,0%,0%,0%,0%
Black Hat Python: Python Programming for Hackers and Pentesters,Justin Seitz,76%,14%,5%,3%,2%
"Mastering Python Networking: Utilize Python packages and frameworks for network automation, monitoring, cloud, and management, 4th Edition",Eric Chou,0%,0%,0%,0%,0%
The Art of Clean Code: Best Practices to Eliminate Complexity and Simplify Your Life,Christian Mayer,70%,30%,0%,0%,0%
Python For Beginner: 24 Hours with Python: How to Learn Python Program in 24 Hours,tony snake,0%,0%,0%,0%,0%
Python Newbies: 55 Hand-Picked Resources to Get Started Quickly,Raven Black,0%,0%,0%,0%,0%
Problem Solving with Algorithms and Data Structures Using Python SECOND EDITION,"Bradley N. Miller,  and , David L. Ranum",73%,17%,4%,1%,4%
Quantum Chemistry and Computing for the Curious: Illustrated with Python and Qiskit® code,"Keeper L. Sharkey, Alain Chance, et al.",80%,20%,0%,0%,0%
"Bioinformatics with Python Cookbook: Use modern Python libraries and applications to solve real-world computational biology problems, 3rd Edition",Tiago Antao,62%,19%,19%,0%,0%
Boas and Pythons of the World,"""Mark OShea""",79%,16%,5%,0%,0%
Scala 3 Programming for Beginners: An Introduction to Learn the Scala 3 Programming Language with Tutorials and Hands-On Examples,Nathan Metzler,0%,0%,0%,0%,0%
"Test-Driven Development with Python: Obey the Testing Goat: Using Django, Selenium, and JavaScript",Harry Percival,80%,14%,2%,2%,1%
"Code This Game!: Make Your Game Using Python, Then Break Your Game to Create a New One!","Meg Ray, Odd Dot, et al.",68%,16%,10%,4%,3%
Bite-Size Python: An Introduction to Python Programming,April Speight,80%,18%,2%,0%,0%
"Becoming a Data Head: How to Think, Speak and Understand Data Science, Statistics and Machine Learning","Alex J. Gutman,  and , Jordan Goldmeier",73%,19%,5%,2%,0%
Fast Python: High performance techniques for large datasets,Tiago Rodrigues Antao,0%,0%,0%,0%,0%
Python for Biologists: A complete programming course for beginners,Dr Martin Jones,85%,8%,5%,2%,0%
A Student's Guide to Python for Physical Modeling: Second Edition,"Jesse M. Kinder,  and , Philip Nelson",81%,7%,12%,0%,0%
Machine Learning with Python for Everyone (Addison-Wesley Data & Analytics Series),Mark Fenner,65%,30%,5%,0%,0%
Introduction to Python Programming for Business and Social Science Applications,"Frederick Kaefer,  and , Paul Kaefer",100%,0%,0%,0%,0%
Full Stack Django and React: Hands-on full-stack web development with Python and React,Kolawole Mangabo,0%,0%,0%,0%,0%
PYTHON DATA SCIENCE: THE ULTIMATE STEP BY STEP BEGINNER’S GUIDE WITH TOOLS AND PRINCIPLES FOR CODING AND DATA ANALYSIS PLUS HANDS-ON PROJECTS TO HAVE A SUCCESSFUL PRACTICAL PROGRAMMING FROM SCRATCH,"ADRIENNE HAWKES MATTHES,  and , JOHN TACKE",53%,24%,23%,0%,0%
"Programming the Raspberry Pi, Third Edition: Getting Started with Python",Simon Monk,73%,15%,7%,3%,1%
The Quick Python Book,Naomi Ceder,67%,18%,7%,1%,7%
Advancing into Analytics: From Excel to Python and R,George Mount,74%,20%,3%,4%,0%
"Tiny Python Projects: 21 small fun projects for Python beginners designed to build programming skill, teach new algorithms and techniques, and introduce software testing",Ken Youens-Clark,77%,10%,7%,7%,0%
"PYTHON CRASH COURSE: A PRACTICAL BEGINNER'S GUIDE TO LEARN PYTHON IN 7 DAYS OR LESS, INTRODUCING YOU INTO THE WORLD OF DATA SCIENCE, ARTIFICIAL INTELLIGENCE AND MACHINE LEARNING, WITH HANDS-ON PROJECT",ERICK THOMPSON,60%,13%,27%,0%,0%
Python Pro Tips: 101 Expert Techniques to Boost Your Coding Skills,Raven Black,0%,0%,0%,0%,0%
"Bayesian Analysis with Python: Introduction to statistical modeling and probabilistic programming using PyMC3 and ArviZ, 2nd Edition",Osvaldo Martin,55%,21%,6%,9%,8%
"Building Python Microservices with FastAPI: Build secure, scalable, and structured Python microservices from design concepts to infrastructure",Sherwin John C. Tragura,100%,0%,0%,0%,0%
3D Deep Learning with Python: Design and develop your computer vision model with 3D data using PyTorch3D and more,"Xudong Ma, Vishakh Hegde, et al.",100%,0%,0%,0%,0%
Python Data Cleaning Cookbook: Modern techniques and Python tools to detect and remove dirty data and extract key insights,Michael Walker,75%,15%,6%,3%,0%
Python Programming For Beginners: The Ultimate Step-by-Step Guide To Learn Python Programming Fast with Practical Exercises,Luther S. Moore,98%,1%,1%,0%,0%
Web Development with Django: Learn to build modern web applications with a Python-based framework,"Ben Shaw, Saurabh Badhwar, et al.",70%,17%,4%,5%,4%
"Monty Python Speaks, Revised and Updated Edition: The Complete Oral History","David Morgan,  and , John Oliver",74%,18%,4%,4%,0%
Python for Kids: A Playful Introduction To Programming,Jason R. Briggs,75%,16%,6%,2%,1%
"Doing Math with Python: Use Programming to Explore Algebra, Statistics, Calculus, and More!",Amit Saha,72%,18%,5%,2%,3%
The Well-Grounded Python Developer,Doug Farrell,0%,0%,0%,0%,0%
"Hands-On Explainable AI (XAI) with Python: Interpret, visualize, explain, and integrate reliable AI for fair, secure, and trustworthy AI apps",Denis Rothman,37%,23%,24%,15%,0%
Developing IoT Projects with ESP32: Automate your home or business with inexpensive Wi-Fi devices,Vedat Ozan Oner,47%,27%,18%,8%,0%
"Hands-On Data Structures and Algorithms with Python: Store, manipulate, and access data effectively and boost the performance of your applications, 3rd Edition",Dr. Basant Agarwal,83%,17%,0%,0%,0%
"PHP 8 Programming Tips, Tricks and Best Practices: A practical guide to PHP 8 features, usage changes, and advanced programming techniques","Doug Bierer,  and , Cal Evans",78%,8%,14%,0%,0%
Applied Machine Learning and AI for Engineers: Solve Business Problems That Can't Be Solved Algorithmically,Jeff Prosise,100%,0%,0%,0%,0%
PYTHON: This Book Includes: Learn How To Develop Programs And Apps In 7 Days With Python Programming And Start Deep Hands-on Learning For Beginners of Data Science And Machine Learning.,"Oliver R. Simpson,  and , Code Developer Academy",55%,23%,12%,2%,8%
Python: For Beginners: A Crash Course Guide To Learn Python in 1 Week,Timothy C. Needham,66%,16%,10%,3%,5%
"Numerical Python: Scientific Computing and Data Science Applications with Numpy, SciPy and Matplotlib",Robert Johansson,68%,15%,11%,3%,4%
Poisonous Pythons Paralyze Pennsylvania (American Chillers),Johnathan Rand,65%,20%,7%,2%,5%
Designing Production-Grade and Large-Scale IoT Solutions: A comprehensive and practical guide to implementing end-to-end IoT solutions,Mohamed Abdelaziz,84%,16%,0%,0%,0%
Learning Scientific Programming with Python,Christian Hill,69%,18%,5%,5%,3%
Mastering spaCy: An end-to-end practical guide to implementing NLP applications using the Python ecosystem,Duygu Altinok,44%,29%,21%,6%,0%
Natural Language Processing with Python: Analyzing Text with the Natural Language Toolkit,"Steven Bird, Ewan Klein, et al.",64%,19%,8%,6%,2%
Automate the Boring Stuff with Python: Practical Programming for Total Beginners,Al Sweigart,78%,14%,5%,1%,1%
Python for Civil and Structural Engineers,Vittorio Lora,39%,23%,22%,8%,8%
Advanced Python Scripting for ArcGIS Pro,Paul A. Zandbergen,72%,13%,10%,6%,0%
Web Scraping with Python: Collecting More Data from the Modern Web,Ryan Mitchell,76%,13%,6%,2%,3%
Internet of Things Using Single Board Computers: Principles of IoT and Python Programming,G. R. Kanagachidambaresan,0%,0%,0%,0%,0%
"Python Programming for the Absolute Beginner, 3rd Edition",Michael Dawson,64%,16%,13%,3%,5%
Murach's Python Programming,"Michael Urban, Joel Murach, et al.",71%,16%,8%,1%,3%
Learn Quantum Computing with Python and IBM Quantum Experience: A hands-on introduction to quantum computing and writing your own quantum programs with Python,Robert Loredo,71%,17%,6%,2%,4%
Hands-On Gradient Boosting with XGBoost and scikit-learn: Perform accessible machine learning and extreme gradient boosting with Python,"Corey Wade,  and , Kevin Glynn",77%,12%,11%,0%,0%
Python Concurrency with asyncio,Matthew Fowler,64%,18%,18%,0%,0%
"Learn Coding Basics for Kids, Young Adults and People Who Are Young at Heart, With Python: Python Computer Programming Made Easy!","Jack Stanley, Erik Gross, et al.",67%,24%,8%,0%,0%
Modeling and Simulation in Python,Allen B. Downey,0%,0%,0%,0%,0%
Learn Python Fast For Absolute Beginners: Learn Python Programming From Beginner To Expert With Practical Exercises Made Easy | Become A Good Python Programmer From Zero,Meredith Beck,0%,0%,0%,0%,0%
"Make a Raspberry Pi-Controlled Robot: Building a Rover with Python, Linux, Motors, and Sensors",Wolfram Donat,47%,29%,7%,13%,4%
Starting Out with Python,Tony Gaddis,76%,12%,6%,2%,3%
Classic Computer Science Problems in Python,David Kopec,66%,16%,10%,4%,4%
Macramè For Beginners: Discover the Art of Macramè | Decorate Your House with Elegant Handmade Projects | Learn Basic Knot Patterns with Step-by-Step Images as You Relax in the Comfort of Your Home,Michelle Yates,91%,5%,3%,0%,0%
"Python Object-Oriented Programming: Build robust and maintainable object-oriented Python applications and libraries, 4th Edition","Steven F. Lott,  and , Dusty Phillips",60%,16%,19%,4%,2%
"The Computer Programming Bible: A Step by Step Guide On How To Master From The Basics to Advanced of Python, C, C++, C#, HTML Coding Raspberry Pi3",C.P.A Inc,66%,19%,8%,5%,3%
Learn python programming for beginners: A beginner's guide comprehending python. Develop your programming skills and learn all the tricks with this crash course.,Willard D. Sanders,58%,6%,15%,7%,14%
"Python Crash Course: A Hands-On, Project-Based Introduction to Programming",Eric Matthes,73%,16%,6%,2%,3%
Using Asyncio in Python: Understanding Python's Asynchronous Programming Features,Caleb Hattingh,64%,18%,7%,2%,8%
"Introduction to Computation and Programming Using Python, third edition: With Application to Computational Modeling and Understanding Data",John V. Guttag,77%,12%,6%,4%,2%
Deep Learning with PyTorch Lightning: Swiftly build high-performance Artificial Intelligence (AI) models using Python,Kunal Sawarkar,61%,28%,11%,0%,0%
53 Must Do Python Projects For All,Edcorner Learning,44%,20%,36%,0%,0%
"Practical Fraud Prevention: Fraud and AML Analytics for Fintech and eCommerce, Using SQL and Python","Gilit Saporta,  and , Shoshana Maraney",76%,11%,5%,8%,0%
Dive Into Algorithms: A Pythonic Adventure for the Intrepid Beginner,Bradford Tuckfield,70%,19%,9%,2%,0%
Real-World Python: A Hacker's Guide to Solving Problems with Code,Lee Vaughan,79%,15%,2%,2%,1%
Cracking Codes with Python: An Introduction to Building and Breaking Ciphers,Al Sweigart,83%,11%,3%,2%,1%
PYTHON: 2 books in 1 : Learn python programming for beginners and machine learning,Willard D. Sanders,40%,27%,15%,9%,9%
"Mastering Python Networking: Your one-stop solution to using Python for network automation, programmability, and DevOps, 3rd Edition","Eric Chou, Michael Kennedy, et al.",76%,13%,9%,1%,1%
The Complete Monty Python's Flying Circus; All the Words Volume One,"Graham Chapman, Eric Idle, et al.",84%,11%,5%,0%,0%
The Recursive Book of Recursion: Ace the Coding Interview with Python and JavaScript,Al Sweigart,100%,0%,0%,0%,0%
Learning Python with Raspberry Pi,"Alex Bradbury,  and , Ben Everard",53%,29%,9%,4%,5%
CPython Internals: Your Guide to the Python 3 Interpreter,Anthony Shaw,81%,13%,3%,2%,1%
Python For Dummies,"Stef Maruch,  and , Aahz Maruch",65%,16%,10%,4%,6%
PYTHON FOR BEGINNERS: Enter the Real World of Python and Learn How to Think Like a Programmer,Oliver Moore,52%,34%,7%,7%,0%
Learn to Code by Solving Problems: A Python Programming Primer,Daniel Zingaro,77%,15%,8%,0%,0%
Python for MBAs,"Mattan Griffel,  and , Daniel Guetta",81%,6%,7%,7%,0%
Python by Example: Learning to Program in 150 Challenges,Nichola Lacey,70%,17%,7%,3%,2%
Python Notebook: Lined Coding Notebook For Python,AI Publication,0%,0%,0%,0%,0%
"Applied Geospatial Data Science with Python: Take control of implementing, analyzing, and visualizing Geospatial and Spatial data with Geopandas and more",David Jordan,0%,0%,0%,0%,0%
Python for Microcontrollers: Getting Started with MicroPython,Donald Norris,53%,29%,9%,7%,2%
"Python Testing with pytest: Simple, Rapid, Effective, and Scalable",Brian Okken,68%,20%,6%,6%,0%
Applied Time Series Analysis and Forecasting with Python (Statistics and Computing),"Changquan Huang,  and , Alla Petukhina",0%,0%,0%,0%,0%
Beware the Burmese Pythons: And Other Invasive Animal Species,"Etta Kaner,  and , Phil Nicholls",100%,0%,0%,0%,0%
Python Programming for Beginners: A Kid's Guide to Coding Fundamentals,Patricia Foster,77%,18%,5%,0%,0%
"Learn Python: This Book Includes: Crash Course and Coding. A Guide to Master Python, Data Science and Analysis. Advanced Methods to Learn How to Create Codes with This Machine Learning Tool",Eric Wall,90%,5%,3%,1%,0%
Practical Deep Learning for Computer Vision with Python,David Landup,0%,0%,0%,0%,0%
"Continuous Delivery with Docker and Jenkins: Create secure applications by building complete CI/CD pipelines, 2nd Edition",Rafal Leszko,60%,28%,10%,2%,0%
PCEP-certified Entry-Level Python Programmer Exam-Prep: Over 6 Mock Tests and 390+ realistic questions to get you PCEP certified on your 1st attempt,Abound Academy,0%,0%,0%,0%,0%
"Python GUI Programming with Tkinter: Design and build functional and user-friendly GUI applications, 2nd Edition",Alan D. Moore,66%,15%,13%,6%,0%
"Microservice APIs: Using Python, Flask, FastAPI, OpenAPI and more",Jose Haro Peralta,0%,0%,0%,0%,0%
"Learn Quantum Computing with Python and IBM Quantum: Write your own practical quantum programs with Python, 2nd Edition",Robert Loredo,0%,0%,0%,0%,0%
Simplifying Regular Expression Using Python: #Awarded as One of the Best Book in 2020 and 2021 by bookauthority.org,"Abhishek  Singh,  and , Zohaib Hasan",57%,21%,12%,5%,6%
Coding for Kids: Python: Learn to Code with 50 Awesome Games and Activities,Adrienne Tacke,73%,17%,6%,2%,2%
El lenguaje de programación Python de principio a fin (Spanish Edition),Angel Pablo Hinojosa Gutiérrez,81%,19%,0%,0%,0%
Introduction to Radar With Python and Matlab,Lee Andrew Harrison,55%,21%,12%,12%,0%
Python for Tweens and Teens - 2nd Edition (Black & White Version): Learn Computational and Algorithmic Thinking,Aristides Bouras,70%,19%,6%,3%,3%
Game Development Using Python,James R. Parker PhD,75%,25%,0%,0%,0%
Guide to Programming with Python,Michael Dawson,57%,7%,25%,12%,0%
Scaling Python with Ray: Adventures in Cloud and Serverless Patterns,"Holden Karau,  and , Boris Lublinsky",0%,0%,0%,0%,0%
"The Python Bible 7 in 1: Volumes One To Seven (Beginner, Intermediate, Data Science, Machine Learning, Finance, Neural Networks, Computer Vision)",Florian Dedov,75%,13%,6%,3%,4%
"Architecture Patterns with Python: Enabling Test-Driven Development, Domain-Driven Design, and Event-Driven Microservices","Harry Percival,  and , Bob Gregory",75%,15%,6%,2%,2%
Mastering Financial Pattern Recognition: Finding and Back-Testing Candlestick Patterns with Python,Sofien Kaabar,0%,0%,0%,0%,0%
Python in a Nutshell: A Desktop Quick Reference,"Alex Martelli, Anna Ravenscroft, et al.",0%,0%,0%,0%,0%
Python for Beginners: A Step-by-Step Guide to Learn Python from Zero in Just 5 Days: Includes Hands-on Projects and Exercises,"Clive Campbell,  and , Austin R Stoler",48%,9%,26%,9%,8%
"Deep Learning with Python, Second Edition",Francois Chollet,83%,8%,3%,2%,3%
Python Programming Language,Berajah Jayne,75%,17%,6%,1%,1%
Dead Simple Python: Idiomatic Python for the Impatient Programmer,Jason C McDonald,0%,0%,0%,0%,0%
"Python Crash Course, 2nd Edition: A Hands-On, Project-Based Introduction to Programming",Eric Matthes,81%,13%,4%,1%,1%
The Big Book of Small Python Projects: 81 Easy Practice Programs,Al Sweigart,76%,13%,5%,1%,5%
"Mastering Reinforcement Learning with Python: Build next-generation, self-learning models using reinforcement learning techniques and best practices",Enes Bilgin,71%,17%,8%,4%,0%
"Learning OpenCV 4 Computer Vision with Python 3: Get to grips with tools, techniques, and algorithms for computer vision and machine learning, 3rd Edition","Joseph Howse,  and , Joe Minichino",60%,21%,8%,8%,3%
Ace the Data Science Interview,Skov Bash,100%,0%,0%,0%,0%
"Database Technologies: Concepts, Methodologies, Tools, and Applications",John Erickson,0%,0%,0%,0%,0%
The Kaggle Workbook: Self-learning exercises and valuable insights for Kaggle data science competitions,"Konrad Banachewicz,  and , Luca Massaron",0%,0%,0%,0%,0%
"Data-Driven Science and Engineering: Machine Learning, Dynamical Systems, and Control","Steven L. Brunton,  and , J. Nathan Kutz",91%,5%,4%,0%,0%
Leading a Data Driven Organization: A Practical Guide to Transforming Yourself and Your Organization to Win the Data Science Revolution,Gordon Summers,100%,0%,0%,0%,0%
Practical Data Science with Python: Learn tools and techniques from hands-on examples to extract insights from data,Nathan George,85%,6%,9%,0%,0%
Designing Machine Learning Systems: An Iterative Process for Production-Ready Applications,Chip Huyen,80%,13%,6%,1%,1%
"Data Science on AWS: Implementing End-to-End, Continuous AI and Machine Learning Pipelines","Chris Fregly,  and , Antje Barth",71%,14%,6%,6%,3%
Dive Into Data Science: Use Python To Tackle Your Toughest Business Challenges,Bradford Tuckfield,0%,0%,0%,0%,0%
How to Lead in Data Science,"Jike Chong,  and , Yue Cathy Chang",88%,6%,6%,0%,0%
Fundamentals of Data Engineering: Plan and Build Robust Data Systems,"Joe Reis,  and , Matt Housley",94%,5%,1%,0%,0%
Data Structures the Fun Way: An Amusing Adventure with Coffee-Filled Examples,Jeremy Kubica,100%,0%,0%,0%,0%
Build a Career in Data Science,"Emily Robinson, Jacqueline Nolis, et al.",84%,5%,8%,1%,2%
"Better Data Visualizations: A Guide for Scholars, Researchers, and Wonks",Jonathan Schwabish,72%,13%,7%,2%,6%
Think Like a Data Scientist: Tackle the data science process step-by-step,Brian Godsey,59%,33%,6%,2%,0%
Data Science for Business: What You Need to Know About Data Mining and Data-Analytic Thinking,"Foster Provost, Tom Fawcett, et al.",72%,15%,7%,3%,3%
The Self-Taught Computer Scientist: The Beginner's Guide to Data Structures & Algorithms,Cory Althoff,76%,9%,12%,2%,2%
Practical Statistics for Data Scientists: 50 Essential Concepts,"Peter Bruce,  and , Andrew Bruce",71%,15%,7%,2%,5%
Data Conscience: Algorithmic Siege on our Humanity,"Brandeis Hill Marshall,  and , Timnit Gebru",75%,25%,0%,0%,0%
Algorithmic Finance: A Companion To Data Science,Christopher Hian-ann Ting,50%,50%,0%,0%,0%
The Art of Statistics: How to Learn from Data,David Spiegelhalter,73%,19%,6%,1%,2%
Democracy's Data: The Hidden Stories in the U.S. Census and How to Read Them,Dan Bouk,73%,14%,14%,0%,0%
Machine Learning and Data Science Blueprints for Finance: From Building Trading Strategies to Robo-Advisors Using Python,"Hariom Tatsat, Sahil Puri, et al.",66%,18%,6%,3%,7%
Data Science on the Google Cloud Platform: Implementing End-to-End Real-Time Data Pipelines: From Ingest to Machine Learning,Valliappa Lakshmanan,90%,10%,0%,0%,0%
Behind Every Good Decision: How Anyone Can Use Business Analytics to Turn Data into Profitable Insight,"Piyanka Jain,  and , Puneet Sharma",66%,19%,9%,6%,0%
Effective Data Science Infrastructure: How to make data scientists productive,Ville Tuulos,82%,18%,0%,0%,0%
"The Science of Football: The Math, Technology, and Data Behind America's Game","Will Carroll, Tyler Brooke, et al.",60%,20%,20%,0%,0%
Data Paradoxes: The Politics of Intensified Data Sourcing in Contemporary Healthcare,Klaus Hoeyer,0%,0%,0%,0%,0%
Data Juice: 101 Stories of How Organizations Are Squeezing Value from Available Data Assets,Douglas B. Laney,77%,6%,6%,11%,0%
Be the Outlier: How to Ace Data Science Interviews,Shrilata Murthy,62%,11%,18%,5%,4%
Text as Data: A New Framework for Machine Learning and the Social Sciences,"Justin Grimmer, Margaret E. Roberts, et al.",72%,22%,6%,0%,0%
The Data Science Mindset: 6 Principles To Build Healthy Data-Driven Skills & Organizations,Dr. Briit,0%,0%,0%,0%,0%
Age of Invisible Machines: A Practical Guide to Creating a Hyperautomated Ecosystem of Intelligent Digital Workers,"Robb Wilson,  and , Josh Tyson",91%,5%,3%,0%,0%
Can We Trust AI? (Johns Hopkins Wavelengths),"Rama Chellappa,  and , Eric Niiler",0%,0%,0%,0%,0%
The Basics of Data Literacy: Helping Your Students (And You!) Make Sense of Data - PB343X,"Michael Bowen,  and , Anthony Bartley",85%,15%,0%,0%,0%
The Art of Data Science,"Roger Peng,  and , Elizabeth Matsui",74%,18%,5%,3%,0%
"Data Science for Beginners 2020: Learn How Data Analytics and Machine Learning Are Used to Define New Strategies for Marketing and Business. (The Data Science Bible, Book 1)","Ross Zowler, Cyrus Carey, et al.",100%,0%,0%,0%,0%
The Enterprise Big Data Lake: Delivering the Promise of Big Data and Data Science,Alex Gorelik,59%,21%,10%,5%,4%
"Building Data Science Applications with FastAPI: Develop, manage, and deploy efficient machine learning applications with Python",François Voron,69%,6%,19%,6%,0%
Minding the Machines: Building and Leading Data Science and Analytics Teams,Jeremy Adamson,74%,7%,12%,7%,0%
Making Numbers Count: The Art and Science of Communicating Numbers,"Chip Heath,  and , Karla Starr",63%,22%,10%,3%,3%
"Business Intelligence, Analytics, and Data Science: A Managerial Perspective","Ramesh Sharda, Dursun Delen, et al.",77%,8%,7%,2%,6%
Quantum Machine Learning: An Applied Approach: The Theory and Application of Quantum Machine Learning in Science and Industry,Santanu Ganguly,60%,13%,13%,13%,0%
Principles for Dealing with the Changing World Order: Why Nations Succeed and Fail,Ray Dalio,75%,16%,5%,1%,2%
Functional Aesthetics for Data Visualization,"Vidya Setlur,  and , Bridget Cogley",75%,25%,0%,0%,0%
Data Science for Executives: Leveraging Machine Intelligence to Drive Business ROI,"Nir Kaldero, Derek Perkins, et al.",54%,20%,17%,4%,6%
"Data Science and Big Data Analytics: Discovering, Analyzing, Visualizing and Presenting Data",EMC Education Services,69%,16%,7%,3%,6%
Emotional Data,Abby Jame,100%,0%,0%,0%,0%
"The ABCs of Data Science: By Real Data Scientists, For Future Data Scientists (Very Young Professionals)","Rikin Mathur, Varun Bhartia, et al.",82%,9%,9%,0%,0%
AI at the Edge: Solving Real-World Problems with Embedded Machine Learning,"Daniel Situnayake,  and , Jenny Plunkett",0%,0%,0%,0%,0%
Cybersecurity Data Science: Best Practices in an Emerging Profession,"Scott Mongeau,  and , Andrzej Hajdasinski",100%,0%,0%,0%,0%
Responsible Data Science: Transparency and Fairness in Algorithms,"Peter C. Bruce,  and , Grant Fleming",69%,31%,0%,0%,0%
"The Science of Hockey: The Math, Technology, and Data Behind the Sport","Kevin Snow,  and , John Vogl",0%,0%,0%,0%,0%
"Practical Data Science with R, Second Edition","Nina Zumel,  and , John Mount",71%,14%,11%,5%,0%
Power and Prediction: The Disruptive Economics of Artificial Intelligence,"Ajay Agrawal, Joshua Gans, et al.",84%,16%,0%,0%,0%
"The Data Science Workshop: Learn how you can build machine learning models and create your own real-world data science projects, 2nd Edition","Anthony So, Thomas V. Joseph, et al.",81%,11%,8%,0%,0%
The Little Book of Data Science Tricks: 100+ Techniques to Elevate Your Data Science Skills,Maverick Lin,100%,0%,0%,0%,0%
Invisible Women: Data Bias in a World Designed for Men,Caroline Criado Perez,77%,15%,6%,1%,1%
Data Quality Fundamentals: A Practitioner's Guide to Building Trustworthy Data Pipelines,"Barr Moses, Lior Gavish, et al.",75%,13%,13%,0%,0%
Communicating with Data: The Art of Writing for Data Science,"Deborah Nolan,  and , Sara Stoudt",78%,22%,0%,0%,0%
Big Data Science in Finance,"Irene Aldridge,  and , Marco Avellaneda",56%,20%,12%,12%,0%
Hands-On Business Intelligence with DAX: Discover the intricacies of this powerful query language to gain valuable insights from your data,Ian Horne,76%,15%,9%,0%,0%
Azure Data Scientist Associate Certification Guide: A hands-on guide to machine learning in Azure and passing the Microsoft Certified DP-100 exam,"Andreas Botsikas,  and , Michael Hlobil",68%,14%,9%,9%,0%
"Learn Power BI: A comprehensive, step-by-step guide for beginners to learn real-world business intelligence, 2nd Edition",Greg Deckler,62%,25%,7%,6%,0%
Teradata Query Performance Tuning: DWHPro's Guide,"Roland Wenzlofsky,  and , Artemios Vogiatzis",88%,12%,0%,0%,0%
"The United States of America: the Superpower, the Trump Presidency & the Fall of Western Civilization",Jamal H. Qadri Ph.D.,60%,20%,20%,0%,0%
The Hundred-Page Machine Learning Book,Andriy Burkov,80%,10%,4%,2%,3%
Roman's Data Science: How to monetize your data,"Roman Zykov, Vladimir Vishvanyuk, et al.",76%,13%,10%,0%,0%
Data Science from Scratch with Python: A Step By Step Guide for Beginner's and Faster Way To Learn Python In 7 Days & NLP using Advanced (Including Programming Interview Questions),Richard Wilson,74%,13%,3%,3%,7%
Pattern Recognition and Machine Learning (Information Science and Statistics),Christopher M. Bishop,76%,13%,6%,3%,2%
A Hands-On Introduction to Data Science,Chirag Shah,77%,12%,8%,2%,0%
Machine Learning Engineering in Action,Ben Wilson,0%,0%,0%,0%,0%
"Introducing Data Science: Big Data, Machine Learning, and more, using Python tools","Davy Cielen, Arno Meysman, et al.",66%,20%,6%,3%,6%
Data Science from Scratch: From Data Visualization to Manipulation: It Is the Easy Way! All You Need for Business Using the Basic Principles of Python and Beyond (Revised & Expanded Edition),"William Gray, Damon Knox, et al.",20%,31%,49%,0%,0%
HBR Guide to Data Analytics Basics for Managers (HBR Guide Series),Harvard Business Review,71%,14%,11%,2%,3%
"Machine Learning Design Patterns: Solutions to Common Challenges in Data Preparation, Model Building, and MLOps","Valliappa Lakshmanan, Sara Robinson, et al.",73%,17%,6%,3%,1%
Natural Language Processing with Transformers: Building Language Applications with Hugging Face,"Lewis Tunstall, Leandro von Werra, et al.",78%,13%,2%,3%,5%
Capitalizing Data Science: A Guide to Unlocking the Power of Data for Your Business and Products (English Edition),Mathangi Sri Ramachandran,0%,0%,0%,0%,0%
"The Equality Machine: Harnessing Digital Technology for a Brighter, More Inclusive Future",Orly Lobel,0%,0%,0%,0%,0%
Don't Trust Your Gut: Using Data to Get What You Really Want in LIfe,Seth Stephens-Davidowitz,56%,24%,16%,3%,1%
Humble Pi: When Math Goes Wrong in the Real World,Matt Parker,72%,18%,7%,1%,1%
The Tableau Workshop: A practical guide to the art of data visualization with Tableau,"Sumit Gupta, Sylvester Pinto, et al.",77%,12%,11%,0%,0%
"Research Anthology on Machine Learning Techniques, Methods, and Applications",Information Resources Management Association,0%,0%,0%,0%,0%
Advanced Analytics with PySpark: Patterns for Learning from Data at Scale Using Python and Spark,"Akash Tandon, Sandy Ryza, et al.",0%,0%,0%,0%,0%
"Splunk Operational Intelligence Cookbook: Over 80 recipes for transforming your data into business-critical insights using Splunk, 3rd Edition","Josh Diakun, Paul R Johnson, et al.",71%,20%,5%,4%,0%
Hands-On Data Science for Marketing: Improve your marketing strategies with machine learning using Python and R,Yoon Hyup Hwang,58%,25%,8%,7%,3%
"Generic Data Structures and Algorithms in Go: An Applied Approach Using Concurrency, Genericity and Heuristics",Richard Wiener,0%,0%,0%,0%,0%
Integrating Data,"Bill Inmon, Patty Haines, et al.",100%,0%,0%,0%,0%
Data Science in Production: Building Scalable Model Pipelines with Python,Ben Weber,47%,42%,7%,4%,0%
R for Health Data Science,"Ewen Harrison,  and , Riinu Pius",82%,18%,0%,0%,0%
Ethics of Data and Analytics: Concepts and Cases,Kirsten Martin,0%,0%,0%,0%,0%
"Python Programming: 2 Books in 1: Python for Data Analysis and Science with Big Data Analysis, Statistics and Machine Learning.",Computer Science Academy,50%,17%,17%,17%,0%
Grokking Algorithms: An Illustrated Guide for Programmers and Other Curious People,Aditya Bhargava,76%,15%,5%,3%,1%
Exemplary Evidence: Scientists and Their Data,Jessica Fries-Gaither,0%,0%,0%,0%,0%
Calling Bullshit: The Art of Skepticism in a Data-Driven World,"Carl T. Bergstrom,  and , Jevin D. West",73%,17%,7%,2%,1%
"Practitioner’s Guide to Data Science: Streamlining Data Science Solutions using Python, Scikit-Learn, and Azure ML Service Platform (English Edition)",Nasir Ali Mirza,50%,50%,0%,0%,0%
Data Engineering with AWS: Learn how to design and build cloud-based data transformation pipelines using AWS,Gareth Eagar,65%,22%,7%,2%,3%
Artificial Intelligence with Power BI: Take your data analytics skills to the next level by leveraging the AI capabilities in Power BI,Mary-Jo Diepeveen,0%,0%,0%,0%,0%
MongoDB Fundamentals: A hands-on guide to using MongoDB and Atlas in the real world,"Amit Phaltankar, Juned Ahsan, et al.",72%,28%,0%,0%,0%
Python for Data Science: Comprehensive Guide to Data Science with Python,Alex Campbell,49%,20%,12%,19%,0%
C++20 STL Cookbook: Leverage the latest features of the STL to solve real-world problems,Bill Weinman,74%,13%,13%,0%,0%
The SAGE Handbook of Social Media Research Methods,"Anabel Quan-Haase,  and , Luke Sloan",0%,0%,0%,0%,0%
Python Reinforcement Learning: Solve complex real-world problems by mastering reinforcement learning algorithms using OpenAI Gym and TensorFlow,"Sudharsan Ravichandiran, Sean Saito, et al.",0%,0%,0%,0%,0%
Be Data Driven: How Organizations Can Harness the Power of Data,Jordan Morrow,72%,14%,14%,0%,0%
Machine Learning Design Interview: Machine Learning System Design Interview,Khang Pham,44%,14%,8%,9%,24%
"Analytics, Data Science, & Artificial Intelligence: Systems for Decision Support","Ramesh Sharda, Dursun Delen, et al.",68%,15%,7%,10%,0%
Hands-On Business Intelligence with Qlik Sense: Implement self-service data analytics with insights and guidance from Qlik Sense experts,"Pablo Labbe, Clever Anjos, et al.",33%,30%,21%,6%,10%
"Extending Power BI with Python and R: Ingest, transform, enrich, and visualize data using the power of analytical languages","Luca Zavarella,  and , Francesca Lazzeri",72%,11%,11%,6%,0%
Data Science For Dummies,Lillian Pierson,63%,20%,12%,3%,2%
Algorithms and Data Structures for Massive Datasets,"Dzejla Medjedovic, Emin Tahirovic, et al.",0%,0%,0%,0%,0%
Big Data on Campus: Data Analytics and Decision Making in Higher Education,"Karen L. Webber,  and , Henry Y. Zheng",0%,0%,0%,0%,0%
Spatial Data Science: With Applications in R (Chapman & Hall/CRC The R Series),"Edzer Pebesma,  and , Roger Bivand",0%,0%,0%,0%,0%
The Machine Learning Solutions Architect Handbook: Create machine learning platforms to run solutions in an enterprise setting,David Ping,77%,17%,5%,0%,0%
Foundations for Architecting Data Solutions: Managing Successful Data Projects,"Ted Malaska,  and , Jonathan Seidman",0%,0%,0%,0%,0%
Data Science in Chemistry (De Gruyter Textbook),Thorsten Gressling,50%,50%,0%,0%,0%
Data Science for Dummies: 2nd Edition,"Lillian Pierson, Jake Porway - foreword, et al.",60%,24%,13%,2%,2%
"Data Science Interview: Prep for SQL, Panda, Python, R Language, Machine Learning, DBMS and RDBMS – And More – The Full Data Scientist Interview Handbook",DSI ACE PREP,88%,6%,3%,3%,0%
The Handbook of Data Science and AI: Generate Value from Data with Machine Learning and Data Analytics,"Stefan Papp, Wolfgang Weidinger, et al.",75%,13%,12%,0%,0%
Learning Qlik® Sense: The Official Guide,"Christopher Ilacqua, Henric Cronstrom, et al.",36%,21%,17%,8%,18%
Introduction to Probability for Data Science,Stanley Chan,86%,14%,0%,0%,0%
The Foundations of Statistics,Leonard J. Savage,73%,17%,6%,2%,3%
"Google BigQuery: The Definitive Guide: Data Warehousing, Analytics, and Machine Learning at Scale","Valliappa Lakshmanan,  and , Jordan Tigani",71%,19%,5%,3%,2%
Automated Machine Learning in Action,"Qingquan Song, Haifeng Jin, et al.",50%,50%,0%,0%,0%
Data Scientist Lined Notebook Data Science Journal: Data Science Gifts Funny Data Scientist Gift Big Data Machine Learning Lined Notebook,Data Science by Medved,0%,0%,0%,0%,0%
"Mastering PostgreSQL 13: Build, administer, and maintain database applications efficiently with PostgreSQL 13, 4th Edition",Hans-Jurgen Schonig,65%,12%,12%,8%,4%
Pro DAX and Data Modeling in Power BI: Creating the Perfect Semantic Layer to Drive Your Dashboard Analytics,Adam Aspin,0%,0%,0%,0%,0%
SQL for Beginners: An Informative and In-depth Guide to SQL Programming,Chad Knowles,92%,3%,5%,0%,0%
Introduction to Biomedical Data Science,"Robert Hoyt,  and , Robert Muenchen",100%,0%,0%,0%,0%
Game Data Science,"Magy Seif El-Nasr, Truong-Huy D. Nguyen, et al.",100%,0%,0%,0%,0%
Algorithms For Dummies (For Dummies (Computer/Tech)),"John Paul Mueller,  and , Luca Massaron",75%,25%,0%,0%,0%
The Alignment Problem: Machine Learning and Human Values,"Brian Christian,  and , Brilliance Audio",72%,22%,4%,1%,1%
"Applied Data Science in Tourism: Interdisciplinary Approaches, Methodologies, and Applications (Tourism on the Verge)",Roman Egger,0%,0%,0%,0%,0%
"The Digital Mindset: What It Really Takes to Thrive in the Age of Data, Algorithms, and AI","Paul Leonardi,  and , Tsedal Neeley",68%,17%,8%,5%,3%
Data Science in Education,Andrea Filatro,0%,0%,0%,0%,0%
Essential Calculus Skills Practice Workbook with Full Solutions,Chris McMullen,74%,16%,7%,1%,2%
Raise Your Analytics Game: From Excel to PowerBI,"Ali Noorani,  and , Muneeba Sirshar",0%,0%,0%,0%,0%
How Data Happened: A History from the Age of Reason to the Age of Algorithms,"Chris Wiggins,  and , Matthew L. Jones",0%,0%,0%,0%,0%
"Machine Learning with R: Expert techniques for predictive modeling, 3rd Edition",Brett Lantz,78%,13%,5%,2%,2%
Introduction to Data Mining (2nd Edition) (What's New in Computer Science),"Pang-Ning Tan, Michael Steinbach, et al.",62%,10%,9%,4%,15%
"Tableau Prep Cookbook: Use Tableau Prep to clean, combine, and transform your data for analysis",Hendrik Kleine,63%,19%,18%,0%,0%
Data Science Strategy For Dummies,Ulrika J&auml;gare,58%,24%,5%,5%,7%
Data Science for Engineers,"Raghunathan Rengaswamy,  and , Resmi Suresh",0%,0%,0%,0%,0%
Quantitative Social Science: An Introduction in tidyverse,"Kosuke Imai,  and , Nora Webb Williams",63%,18%,18%,0%,0%
"Computer Age Statistical Inference, Student Edition: Algorithms, Evidence, and Data Science (Institute of Mathematical Statistics Monographs, Series Number 6)","Bradley Efron,  and , Trevor Hastie",71%,13%,10%,5%,0%
Decolonizing Data: Unsettling Conversations about Social Research Methods,Jacqueline M. Quinless,75%,11%,15%,0%,0%
Machine Learning with PyTorch and Scikit-Learn: Develop machine learning and deep learning models with Python,"Sebastian Raschka, Yuxi (Hayden) Liu, et al.",80%,11%,4%,3%,3%
ColorWise: A Data Storyteller's Guide to the Intentional Use of Color,Kate Strachnyi,0%,0%,0%,0%,0%
Foundations of Data Science,"Avrim Blum, John Hopcroft, et al.",78%,13%,5%,3%,0%
Deep Learning: Engage the World Change the World,"Michael Fullan, Joanne Quinn, et al.",72%,14%,7%,2%,4%
Machine Learning in Finance: From Theory to Practice,"Matthew F. Dixon, Igor Halperin, et al.",78%,7%,7%,4%,4%
Practical Deep Learning at Scale with MLflow: Bridge the gap between offline experimentation and online production,"Yong Liu,  and , Dr. Matei Zaharia",83%,17%,0%,0%,0%
AI and Machine Learning for Coders: A Programmer's Guide to Artificial Intelligence,Laurence Moroney,79%,15%,4%,1%,1%
